time,consumption (W),production (w),Pbattery (W),Energy in the battery (Wh),
Energy (kWh),19.92333333,14.13863826,,2430.72335,3.12762E-07
0:00,0,751.4862201,0,2430.72335,
0:01,0,746.5196111,0,2430.72335,
0:02,0,700.6739861,0,2430.72335,
0:03,1000,807.6471117,-192.3528883,2427.517469,
0:04,1000,751.4862201,-248.5137799,2423.375572,
0:05,1000,746.5196111,-253.4803889,2419.150899,
0:06,1000,725.8890797418001,-274.1109203,2414.582384,
0:07,1000,654.8283591,-345.1716409,2408.829523,
0:08,1000,639.5464835,-360.4535165,2402.821965,
0:09,0,618.9159521,618.9159521,2413.13723,
0:10,0,598.6674674916001,598.6674675,2423.115022,
0:11,0,598.6674674916001,598.6674675,2433.092813,
0:12,0,563.1371071872001,0,2433.092813,
0:13,0,557.7884515,0,2433.092813,
0:14,0,634.1978277960001,0,2433.092813,
0:15,0,542.5065758502001,0,2433.092813,
0:16,1000,552.8218405164001,0,2433.092813,
0:17,1000,568.1037161748001,0,2433.092813,
0:18,1000,563.1371071872001,0,2433.092813,
0:19,1000,542.5065758502001,0,2433.092813,
0:20,1000,537.5399648580001,0,2433.092813,
0:21,1000,502.0096046,-497.9903954,2424.792973,
0:22,1000,639.5464835,-360.4535165,2418.785414,
0:23,1000,613.9493431500001,-386.0506569,2412.351237,
0:24,1000,624.2646078161999,-375.7353922,2406.08898,
0:25,1000,547.8552315,-452.1447685,2398.553234,
0:26,0,522.2580912,522.2580912,2407.257535,
0:27,0,537.5399648580001,537.5399649,2416.216535,
0:28,0,532.5733558704001,532.5733559,2425.092757,
0:29,0,506.9762155,506.9762155,2433.542361,
0:30,0,583.3855918332001,0,2433.542361,
0:31,0,603.6340765,0,2433.542361,
0:32,0,583.3855918332001,0,2433.542361,
0:33,1000,624.2646078161999,0,2433.542361,
0:34,1000,624.2646078161999,0,2433.542361,
0:35,1000,578.4189828,-421.5810172,2426.516011,
0:36,1000,598.6674674916001,-401.3325325,2419.827135,
0:37,1000,654.8283591,-345.1716409,2414.074275,
0:38,1000,670.1102348,-329.8897652,2408.576112,
0:39,1000,598.6674674916001,-401.3325325,2401.887236,
0:40,1000,700.6739861,-299.3260139,2396.898469,
0:41,1000,670.1102348,-329.8897652,2391.400307,
0:42,1000,690.3587194,-309.6412806,2386.239619,
0:43,0,675.0768438,675.0768438,2397.490899,
0:44,0,695.3253284250001,695.3253284,2409.079655,
0:45,0,685.3921104,685.3921104,2420.502857,
0:46,0,700.6739861,700.6739861,2432.180756,
0:47,0,705.6405951,0,2432.180756,
0:48,0,618.9159521,0,2432.180756,
0:49,0,659.7949681206001,0,2432.180756,
0:50,1000,675.0768438,-324.9231562,2426.76537,
0:51,1000,695.3253284250001,-304.6746716,2421.687459,
0:52,1000,634.1978277960001,-365.8021722,2415.590756,
0:53,1000,670.1102348,-329.8897652,2410.092594,
0:54,1000,618.9159521,-381.0840479,2403.741193,
0:55,1000,618.9159521,-381.0840479,2397.389792,
0:56,1000,634.1978277960001,-365.8021722,2391.293089,
0:57,1000,618.9159521,-381.0840479,2384.941688,
0:58,1000,654.8283591,-345.1716409,2379.188828,
0:59,1000,680.0434527666001,-319.9565472,2373.856219,
1:00,0,639.5464835,639.5464835,2384.515327,
1:01,0,593.7008585,593.7008585,2394.410341,
1:02,0,649.4797035,649.4797035,2405.235003,
1:03,0,715.9558598,715.9558598,2417.1676,
1:04,0,659.7949681206001,659.7949681,2428.164183,
1:05,0,690.3587194,690.3587194,2439.670162,
1:06,0,675.0768438,0,2439.670162,
1:07,1000,685.3921104,-314.6078896,2434.426697,
1:08,1000,720.9224708,-279.0775292,2429.775405,
1:09,1000,618.9159521,-381.0840479,2423.424004,
1:10,1000,618.9159521,-381.0840479,2417.072603,
1:11,1000,644.5130925,-355.4869075,2411.147821,
1:12,1000,664.7615771082001,-335.2384229,2405.560514,
1:13,1000,654.8283591,-345.1716409,2399.807654,
1:14,1000,649.4797035,-350.5202965,2393.965649,
1:15,1000,675.0768438,-324.9231562,2388.550263,
1:16,1000,715.9558598,-284.0441402,2383.816194,
1:17,0,654.8283591,654.8283591,2394.73,
1:18,0,593.7008585,593.7008585,2404.625014,
1:19,0,675.0768438,675.0768438,2415.876295,
1:20,0,649.4797035,649.4797035,2426.700957,
1:21,0,659.7949681206001,659.7949681,2437.697539,
1:22,0,624.2646078161999,0,2437.697539,
1:23,0,618.9159521,0,2437.697539,
1:24,1000,670.1102348,-329.8897652,2432.199377,
1:25,1000,741.1709554002001,0,2432.199377,
1:26,1000,680.0434527666001,0,2432.199377,
1:27,1000,680.0434527666001,0,2432.199377,
1:28,1000,649.4797035,-350.5202965,2426.357372,
1:29,1000,644.5130925,-355.4869075,2420.43259,
1:30,1000,639.5464835,-360.4535165,2414.425031,
1:31,1000,675.0768438,-324.9231562,2409.009645,
1:32,1000,675.0768438,-324.9231562,2403.594259,
1:33,1000,746.5196111,-253.4803889,2399.369586,
1:34,0,720.9224708,720.9224708,2411.384961,
1:35,0,725.8890797418001,725.8890797,2423.483112,
1:36,0,685.3921104,685.3921104,2434.906314,
1:37,0,700.6739861,0,2434.906314,
1:38,0,705.6405951,0,2434.906314,
1:39,0,705.6405951,0,2434.906314,
1:40,0,797.3318470416001,0,2434.906314,
1:41,1000,736.2043444080001,0,2434.906314,
1:42,1000,695.3253284250001,0,2434.906314,
1:43,1000,700.6739861,-299.3260139,2429.917547,
1:44,1000,725.8890797418001,-274.1109203,2425.349032,
1:45,1000,649.4797035,-350.5202965,2419.507027,
1:46,1000,675.0768438,-324.9231562,2414.091641,
1:47,1000,700.6739861,-299.3260139,2409.102874,
1:48,1000,608.9827322,-391.0172678,2402.585919,
1:49,1000,547.8552315,-452.1447685,2395.050173,
1:50,1000,588.3522008,-411.6477992,2388.189377,
1:51,0,624.2646078161999,624.2646078,2398.593787,
1:52,0,685.3921104,685.3921104,2410.016989,
1:53,0,797.3318470416001,797.331847,2423.305853,
1:54,0,807.6471117,807.6471117,2436.766638,
1:55,0,797.3318470416001,0,2436.766638,
1:56,0,766.7680957248001,0,2436.766638,
1:57,0,710.6072040834001,0,2436.766638,
1:58,1000,761.8014867372001,0,2436.766638,
1:59,1000,670.1102348,-329.8897652,2431.268475,
2:00,1000,715.9558598,-284.0441402,2426.534406,
2:01,1000,664.7615771082001,-335.2384229,2420.947099,
2:02,1000,695.3253284250001,-304.6746716,2415.869188,
2:03,1000,736.2043444080001,-263.7956556,2411.472594,
2:04,1000,690.3587194,-309.6412806,2406.311906,
2:05,1000,705.6405951,-294.3594049,2401.405916,
2:06,1000,675.0768438,-324.9231562,2395.99053,
2:07,1000,827.8955983584001,-172.1044016,2393.122123,
2:08,0,853.4927387,853.4927387,2407.347002,
2:09,0,822.9289874,822.9289874,2421.062485,
2:10,0,792.3652380540001,792.3652381,2434.268572,
2:11,0,843.177472,0,2434.268572,
2:12,0,858.4593476706001,0,2434.268572,
2:13,0,884.05649,0,2434.268572,
2:14,0,909.2715836334002,0,2434.268572,
2:15,1000,751.4862201,-248.5137799,2430.126676,
2:16,1000,934.868726,-65.13127404,2429.041155,
2:17,1000,802.298456,-197.701544,2425.746129,
2:18,1000,817.5803317,-182.4196683,2422.705801,
2:19,1000,787.0165804,-212.9834196,2419.156078,
2:20,1000,741.1709554002001,-258.8290446,2414.84226,
2:21,1000,746.5196111,-253.4803889,2410.617587,
2:22,1000,690.3587194,-309.6412806,2405.456899,
2:23,1000,822.9289874,-177.0710126,2402.505715,
2:24,1000,878.7078323,-121.2921677,2400.484179,
2:25,0,807.6471117,807.6471117,2413.944965,
2:26,0,731.2377354204001,731.2377354,2426.13226,
2:27,0,858.4593476706001,858.4593477,2440.439916,
2:28,0,807.6471117,0,2440.439916,
2:29,0,863.4259586628001,0,2440.439916,
2:30,0,700.6739861,0,2440.439916,
2:31,0,868.7746143,0,2440.439916,
2:32,1000,766.7680957248001,0,2440.439916,
2:33,1000,680.0434527666001,0,2440.439916,
2:34,1000,878.7078323,-121.2921677,2438.41838,
2:35,1000,710.6072040834001,0,2438.41838,
2:36,1000,725.8890797418001,0,2438.41838,
2:37,1000,720.9224708,-279.0775292,2433.767088,
2:38,1000,807.6471117,-192.3528883,2430.561206,
2:39,1000,812.6137227000002,-187.3862773,2427.438102,
2:40,1000,756.4528311,-243.5471689,2423.378982,
2:41,1000,853.4927387,-146.5072613,2420.937194,
2:42,0,858.4593476706001,858.4593477,2435.24485,
2:43,0,975.7477419456001,0,2435.24485,
2:44,0,960.4658662872001,0,2435.24485,
2:45,0,858.4593476706001,0,2435.24485,
2:46,0,710.6072040834001,0,2435.24485,
2:47,0,792.3652380540001,0,2435.24485,
2:48,0,792.3652380540001,0,2435.24485,
2:49,1000,746.5196111,-253.4803889,2431.020177,
2:50,1000,884.05649,-115.94351,2429.087785,
2:51,1000,848.144083,-151.855917,2426.556853,
2:52,1000,741.1709554002001,-258.8290446,2422.243036,
2:53,1000,817.5803317,-182.4196683,2419.202708,
2:54,1000,715.9558598,-284.0441402,2414.468639,
2:55,1000,807.6471117,-192.3528883,2411.262758,
2:56,1000,889.0230989874001,-110.976901,2409.413143,
2:57,1000,899.3383657,-100.6616343,2407.735449,
2:58,1000,822.9289874,-177.0710126,2404.784265,
2:59,0,746.5196111,746.5196111,2417.226259,
3:00,0,741.1709554002001,741.1709554,2429.579108,
3:01,0,822.9289874,822.9289874,2443.294591,
3:02,0,690.3587194,0,2443.294591,
3:03,0,787.0165804,0,2443.294591,
3:04,0,827.8955983584001,0,2443.294591,
3:05,0,792.3652380540001,0,2443.294591,
3:06,1000,787.0165804,-212.9834196,2439.744867,
3:07,1000,705.6405951,-294.3594049,2434.838877,
3:08,1000,827.8955983584001,0,2434.838877,
3:09,1000,715.9558598,-284.0441402,2430.104808,
3:10,1000,873.7412233,-126.2587767,2428.000495,
3:11,1000,766.7680957248001,-233.2319043,2424.113297,
3:12,1000,787.0165804,-212.9834196,2420.563573,
3:13,1000,777.0833624,-222.9166376,2416.848296,
3:14,1000,756.4528311,-243.5471689,2412.789176,
3:15,1000,746.5196111,-253.4803889,2408.564503,
3:16,0,670.1102348,670.1102348,2419.733007,
3:17,0,670.1102348,670.1102348,2430.901511,
3:18,0,771.7347047,0,2430.901511,
3:19,0,710.6072040834001,0,2430.901511,
3:20,0,822.9289874,0,2430.901511,
3:21,0,756.4528311,0,2430.901511,
3:22,0,731.2377354204001,0,2430.901511,
3:23,1000,700.6739861,-299.3260139,2425.912744,
3:24,1000,624.2646078161999,-375.7353922,2419.650488,
3:25,1000,649.4797035,-350.5202965,2413.808483,
3:26,1000,710.6072040834001,-289.3927959,2408.985269,
3:27,1000,736.2043444080001,-263.7956556,2404.588675,
3:28,1000,746.5196111,-253.4803889,2400.364002,
3:29,1000,746.5196111,-253.4803889,2396.139329,
3:30,1000,685.3921104,-314.6078896,2390.895864,
3:31,1000,644.5130925,-355.4869075,2384.971082,
3:32,1000,695.3253284250001,-304.6746716,2379.893171,
3:33,0,751.4862201,751.4862201,2392.417941,
3:34,0,685.3921104,685.3921104,2403.841143,
3:35,0,685.3921104,685.3921104,2415.264345,
3:36,0,751.4862201,751.4862201,2427.789115,
3:37,0,792.3652380540001,792.3652381,2440.995203,
3:38,0,736.2043444080001,0,2440.995203,
3:39,0,675.0768438,0,2440.995203,
3:40,1000,715.9558598,-284.0441402,2436.261134,
3:41,1000,725.8890797418001,0,2436.261134,
3:42,1000,771.7347047,-228.2652953,2432.456712,
3:43,1000,705.6405951,-294.3594049,2427.550722,
3:44,1000,746.5196111,-253.4803889,2423.326049,
3:45,1000,675.0768438,-324.9231562,2417.910663,
3:46,1000,649.4797035,-350.5202965,2412.068658,
3:47,1000,720.9224708,-279.0775292,2407.417366,
3:48,1000,771.7347047,-228.2652953,2403.612944,
3:49,1000,705.6405951,-294.3594049,2398.706954,
3:50,0,680.0434527666001,680.0434528,2410.041012,
3:51,0,634.1978277960001,634.1978278,2420.610976,
3:52,0,720.9224708,720.9224708,2432.62635,
3:53,0,736.2043444080001,0,2432.62635,
3:54,0,725.8890797418001,0,2432.62635,
3:55,0,644.5130925,0,2432.62635,
3:56,0,618.9159521,0,2432.62635,
3:57,1000,746.5196111,-253.4803889,2428.401677,
3:58,1000,695.3253284250001,-304.6746716,2423.323766,
3:59,1000,603.6340765,-396.3659235,2416.717667,
4:00,1000,593.7008585,-406.2991415,2409.946015,
4:01,1000,618.9159521,-381.0840479,2403.594614,
4:02,1000,675.0768438,-324.9231562,2398.179228,
4:03,1000,624.2646078161999,-375.7353922,2391.916971,
4:04,1000,593.7008585,-406.2991415,2385.145319,
4:05,1000,654.8283591,-345.1716409,2379.392458,
4:06,1000,618.9159521,-381.0840479,2373.041058,
4:07,0,725.8890797418001,725.8890797,2385.139209,
4:08,0,573.0703252,573.0703252,2394.690381,
4:09,0,710.6072040834001,710.6072041,2406.533834,
4:10,0,629.2312188084001,629.2312188,2417.021021,
4:11,0,680.0434527666001,680.0434528,2428.355079,
4:12,0,593.7008585,593.7008585,2438.250093,
4:13,0,654.8283591,0,2438.250093,
4:14,1000,603.6340765,-396.3659235,2431.643994,
4:15,1000,659.7949681206001,0,2431.643994,
4:16,1000,639.5464835,-360.4535165,2425.636436,
4:17,1000,670.1102348,-329.8897652,2420.138273,
4:18,1000,629.2312188084001,-370.7687812,2413.958793,
4:19,1000,557.7884515,-442.2115485,2406.588601,
4:20,1000,588.3522008,-411.6477992,2399.727804,
4:21,1000,639.5464835,-360.4535165,2393.720246,
4:22,1000,639.5464835,-360.4535165,2387.712687,
4:23,1000,618.9159521,-381.0840479,2381.361286,
4:24,0,639.5464835,639.5464835,2392.020394,
4:25,0,787.0165804,787.0165804,2405.137337,
4:26,0,695.3253284250001,695.3253284,2416.726093,
4:27,0,736.2043444080001,736.2043444,2428.996165,
4:28,0,756.4528311,756.4528311,2441.603712,
4:29,0,761.8014867372001,0,2441.603712,
4:30,0,838.210863,0,2441.603712,
4:31,1000,812.6137227000002,0,2441.603712,
4:32,1000,878.7078323,-121.2921677,2439.582176,
4:33,1000,924.5534592918001,0,2439.582176,
4:34,1000,832.8622073,-167.1377927,2436.796546,
4:35,1000,832.8622073,-167.1377927,2434.010917,
4:36,1000,812.6137227000002,0,2434.010917,
4:37,1000,899.3383657,-100.6616343,2432.333223,
4:38,1000,802.298456,-197.701544,2429.038197,
4:39,1000,777.0833624,-222.9166376,2425.32292,
4:40,1000,797.3318470416001,-202.668153,2421.945117,
4:41,0,878.7078323,878.7078323,2436.590248,
4:42,0,899.3383657,0,2436.590248,
4:43,0,1011.2781022500001,0,2436.590248,
4:44,0,878.7078323,0,2436.590248,
4:45,0,832.8622073,0,2436.590248,
4:46,0,797.3318470416001,0,2436.590248,
4:47,0,777.0833624,0,2436.590248,
4:48,1000,802.298456,-197.701544,2433.295222,
4:49,1000,868.7746143,-131.2253857,2431.108132,
4:50,1000,812.6137227000002,0,2431.108132,
4:51,1000,797.3318470416001,0,2431.108132,
4:52,1000,843.177472,-156.822528,2428.494423,
4:53,1000,705.6405951,-294.3594049,2423.588433,
4:54,1000,909.2715836334002,-90.72841637,2422.076293,
4:55,1000,893.9897079750001,-106.010292,2420.309455,
4:56,1000,797.3318470416001,-202.668153,2416.931652,
4:57,1000,720.9224708,-279.0775292,2412.28036,
4:58,0,792.3652380540001,792.3652381,2425.486447,
4:59,0,812.6137227000002,812.6137227,2439.030009,
5:00,0,843.177472,0,2439.030009,
5:01,0,802.298456,0,2439.030009,
5:02,0,848.144083,0,2439.030009,
5:03,0,822.9289874,0,2439.030009,
5:04,0,787.0165804,0,2439.030009,
5:05,1000,832.8622073,-167.1377927,2436.24438,
5:06,1000,685.3921104,-314.6078896,2431.000915,
5:07,1000,659.7949681206001,0,2431.000915,
5:08,1000,700.6739861,-299.3260139,2426.012148,
5:09,1000,827.8955983584001,-172.1044016,2423.143741,
5:10,1000,746.5196111,-253.4803889,2418.919068,
5:11,1000,827.8955983584001,-172.1044016,2416.050661,
5:12,1000,868.7746143,-131.2253857,2413.863571,
5:13,1000,893.9897079750001,-106.010292,2412.096733,
5:14,1000,761.8014867372001,-238.1985133,2408.126758,
5:15,0,756.4528311,756.4528311,2420.734305,
5:16,0,725.8890797418001,725.8890797,2432.832457,
5:17,0,746.5196111,0,2432.832457,
5:18,0,690.3587194,0,2432.832457,
5:19,0,817.5803317,0,2432.832457,
5:20,0,736.2043444080001,0,2432.832457,
5:21,0,771.7347047,0,2432.832457,
5:22,1000,827.8955983584001,0,2432.832457,
5:23,1000,705.6405951,-294.3594049,2427.926467,
5:24,1000,863.4259586628001,-136.5740413,2425.650232,
5:25,1000,812.6137227000002,-187.3862773,2422.527128,
5:26,1000,731.2377354204001,-268.7622646,2418.047757,
5:27,1000,797.3318470416001,-202.668153,2414.669954,
5:28,1000,792.3652380540001,-207.6347619,2411.209375,
5:29,1000,725.8890797418001,-274.1109203,2406.64086,
5:30,1000,725.8890797418001,-274.1109203,2402.072344,
5:31,1000,700.6739861,-299.3260139,2397.083577,
5:32,0,700.6739861,700.6739861,2408.761477,
5:33,0,736.2043444080001,736.2043444,2421.031549,
5:34,0,843.177472,843.177472,2435.084507,
5:35,0,787.0165804,0,2435.084507,
5:36,0,690.3587194,0,2435.084507,
5:37,0,720.9224708,0,2435.084507,
5:38,0,736.2043444080001,0,2435.084507,
5:39,1000,715.9558598,-284.0441402,2430.350438,
5:40,1000,731.2377354204001,-268.7622646,2425.871067,
5:41,1000,761.8014867372001,-238.1985133,2421.901092,
5:42,1000,654.8283591,-345.1716409,2416.148231,
5:43,1000,670.1102348,-329.8897652,2410.650069,
5:44,1000,720.9224708,-279.0775292,2405.998776,
5:45,1000,746.5196111,-253.4803889,2401.774103,
5:46,1000,812.6137227000002,-187.3862773,2398.650999,
5:47,1000,675.0768438,-324.9231562,2393.235613,
5:48,1000,644.5130925,-355.4869075,2387.310831,
5:49,0,598.6674674916001,598.6674675,2397.288622,
5:50,0,624.2646078161999,624.2646078,2407.693032,
5:51,0,654.8283591,654.8283591,2418.606838,
5:52,0,629.2312188084001,629.2312188,2429.094025,
5:53,0,624.2646078161999,624.2646078,2439.498435,
5:54,0,634.1978277960001,0,2439.498435,
5:55,0,624.2646078161999,0,2439.498435,
5:56,1000,557.7884515,-442.2115485,2432.128243,
5:57,1000,603.6340765,-396.3659235,2425.522144,
5:58,1000,537.5399648580001,-462.4600351,2417.814477,
5:59,1000,603.6340765,-396.3659235,2411.208378,
6:00,1000,563.1371071872001,-436.8628928,2403.92733,
6:01,1000,506.9762155,-493.0237845,2395.710267,
6:02,1000,471.4458552,-528.5541448,2386.901031,
6:03,1000,445.8487129,-554.1512871,2377.665176,
6:04,1000,491.6943399,-508.3056601,2369.193415,
6:05,1000,456.1639796,-543.8360204,2360.129482,
6:06,0,486.7277309,486.7277309,2368.24161,
6:07,0,481.37907321660003,481.3790732,2376.264595,
6:08,0,404.96969692920004,404.9696969,2383.01409,
6:09,0,532.5733558704001,532.5733559,2391.890313,
6:10,0,511.9428245334001,511.9428245,2400.422693,
6:11,0,486.7277309,486.7277309,2408.534822,
6:12,0,511.9428245334001,511.9428245,2417.067202,
6:13,1000,491.6943399,-508.3056601,2408.595441,
6:14,1000,547.8552315,-452.1447685,2401.059695,
6:15,1000,542.5065758502001,-457.4934241,2393.434805,
6:16,1000,563.1371071872001,-436.8628928,2386.153756,
6:17,1000,583.3855918332001,-416.6144082,2379.210183,
6:18,1000,578.4189828,-421.5810172,2372.183833,
6:19,1000,502.0096046,-497.9903954,2363.883993,
6:20,1000,511.9428245334001,-488.0571755,2355.749707,
6:21,1000,517.2914802,-482.7085198,2347.704565,
6:22,1000,547.8552315,-452.1447685,2340.168818,
6:23,0,517.2914802,517.2914802,2348.790343,
6:24,0,511.9428245334001,511.9428245,2357.322723,
6:25,0,506.9762155,506.9762155,2365.772327,
6:26,0,517.2914802,517.2914802,2374.393852,
6:27,0,532.5733558704001,532.5733559,2383.270074,
6:28,0,496.66094887500003,496.6609489,2391.547757,
6:29,0,532.5733558704001,532.5733559,2400.423979,
6:30,1000,563.1371071872001,-436.8628928,2393.142931,
6:31,1000,522.2580912,-477.7419088,2385.180566,
6:32,1000,532.5733558704001,-467.4266441,2377.390122,
6:33,1000,573.0703252,-426.9296748,2370.274627,
6:34,1000,629.2312188084001,-370.7687812,2364.095148,
6:35,1000,588.3522008,-411.6477992,2357.234351,
6:36,1000,511.9428245334001,-488.0571755,2349.100065,
6:37,1000,502.0096046,-497.9903954,2340.800225,
6:38,1000,552.8218405164001,-447.1781595,2333.347256,
6:39,1000,511.9428245334001,-488.0571755,2325.212969,
6:40,0,481.37907321660003,481.3790732,2333.235954,
6:41,0,557.7884515,557.7884515,2342.532428,
6:42,0,522.2580912,522.2580912,2351.23673,
6:43,0,491.6943399,491.6943399,2359.431635,
6:44,0,496.66094887500003,496.6609489,2367.709318,
6:45,0,502.0096046,502.0096046,2376.076144,
6:46,0,506.9762155,506.9762155,2384.525748,
6:47,1000,532.5733558704001,-467.4266441,2376.735304,
6:48,1000,491.6943399,-508.3056601,2368.263543,
6:49,1000,502.0096046,-497.9903954,2359.963703,
6:50,1000,537.5399648580001,-462.4600351,2352.256036,
6:51,1000,547.8552315,-452.1447685,2344.72029,
6:52,1000,511.9428245334001,-488.0571755,2336.586003,
6:53,1000,481.37907321660003,-518.6209268,2327.942321,
6:54,1000,511.9428245334001,-488.0571755,2319.808035,
6:55,1000,481.37907321660003,-518.6209268,2311.164353,
6:56,1000,517.2914802,-482.7085198,2303.119211,
6:57,0,496.66094887500003,496.6609489,2311.396893,
6:58,0,476.4124642,476.4124642,2319.337101,
6:59,0,415.2849636,415.2849636,2326.258517,
7:00,0,456.1639796,456.1639796,2333.86125,
7:01,0,527.2247002,527.2247002,2342.648329,
7:02,0,496.66094887500003,496.6609489,2350.926011,
7:03,0,496.66094887500003,496.6609489,2359.203694,
7:04,1000,450.81532390440003,-549.1846761,2350.050616,
7:05,1000,471.4458552,-528.5541448,2341.24138,
7:06,1000,476.4124642,-523.5875358,2332.514921,
7:07,1000,425.6002283,-574.3997717,2322.941591,
7:08,1000,415.2849636,-584.7150364,2313.196341,
7:09,1000,395.036479,-604.963521,2303.113615,
7:10,1000,440.8821039,-559.1178961,2293.794984,
7:11,1000,445.8487129,-554.1512871,2284.559129,
7:12,1000,496.66094887500003,-503.3390511,2276.170145,
7:13,1000,527.2247002,-472.7752998,2268.290557,
7:14,0,496.66094887500003,496.6609489,2276.568239,
7:15,0,466.09719755820004,466.0971976,2284.336526,
7:16,0,476.4124642,476.4124642,2292.276733,
7:17,0,532.5733558704001,532.5733559,2301.152956,
7:18,0,603.6340765,603.6340765,2311.213524,
7:19,0,583.3855918332001,583.3855918,2320.936617,
7:20,0,608.9827322,608.9827322,2331.086329,
7:21,1000,649.4797035,-350.5202965,2325.244324,
7:22,1000,624.2646078161999,-375.7353922,2318.982068,
7:23,1000,654.8283591,-345.1716409,2313.229207,
7:24,1000,593.7008585,-406.2991415,2306.457555,
7:25,1000,644.5130925,-355.4869075,2300.532773,
7:26,1000,654.8283591,-345.1716409,2294.779912,
7:27,1000,639.5464835,-360.4535165,2288.772354,
7:28,1000,654.8283591,-345.1716409,2283.019493,
7:29,1000,690.3587194,-309.6412806,2277.858805,
7:30,1000,787.0165804,-212.9834196,2274.309081,
7:31,0,751.4862201,751.4862201,2286.833852,
7:32,0,629.2312188084001,629.2312188,2297.321039,
7:33,0,603.6340765,603.6340765,2307.381607,
7:34,0,557.7884515,557.7884515,2316.678081,
7:35,0,583.3855918332001,583.3855918,2326.401174,
7:36,0,552.8218405164001,552.8218405,2335.614871,
7:37,0,542.5065758502001,542.5065759,2344.656648,
7:38,1000,532.5733558704001,-467.4266441,2336.866204,
7:39,1000,491.6943399,-508.3056601,2328.394443,
7:40,1000,456.1639796,-543.8360204,2319.330509,
7:41,1000,522.2580912,-477.7419088,2311.368144,
7:42,1000,471.4458552,-528.5541448,2302.558908,
7:43,1000,461.1305886,-538.8694114,2293.577751,
7:44,1000,527.2247002,-472.7752998,2285.698163,
7:45,1000,568.1037161748001,-431.8962838,2278.499891,
7:46,1000,618.9159521,-381.0840479,2272.148491,
7:47,1000,736.2043444080001,-263.7956556,2267.751896,
7:48,0,756.4528311,756.4528311,2280.359443,
7:49,0,822.9289874,822.9289874,2294.074927,
7:50,0,777.0833624,777.0833624,2307.026316,
7:51,0,807.6471117,807.6471117,2320.487101,
7:52,0,848.144083,848.144083,2334.622836,
7:53,0,807.6471117,807.6471117,2348.083621,
7:54,0,827.8955983584001,827.8955984,2361.881881,
7:55,1000,771.7347047,-228.2652953,2358.077459,
7:56,1000,787.0165804,-212.9834196,2354.527736,
7:57,1000,817.5803317,-182.4196683,2351.487408,
7:58,1000,792.3652380540001,-207.6347619,2348.026829,
7:59,1000,756.4528311,-243.5471689,2343.967709,
8:00,1000,782.0499713832002,-217.9500286,2340.335209,
8:01,1000,843.177472,-156.822528,2337.7215,
8:02,1000,838.210863,-161.789137,2335.025014,
8:03,1000,822.9289874,-177.0710126,2332.073831,
8:04,1000,787.0165804,-212.9834196,2328.524107,
8:05,0,756.4528311,756.4528311,2341.131654,
8:06,0,863.4259586628001,863.4259587,2355.522087,
8:07,0,802.298456,802.298456,2368.893728,
8:08,0,741.1709554002001,741.1709554,2381.246577,
8:09,0,863.4259586628001,863.4259587,2395.63701,
8:10,0,848.144083,848.144083,2409.772744,
8:11,0,832.8622073,832.8622073,2423.653781,
8:12,1000,838.210863,-161.789137,2420.957296,
8:13,1000,914.6202393120001,-85.37976069,2419.5343,
8:14,1000,889.0230989874001,-110.976901,2417.684685,
8:15,1000,822.9289874,-177.0710126,2414.733501,
8:16,1000,807.6471117,-192.3528883,2411.52762,
8:17,1000,761.8014867372001,-238.1985133,2407.557644,
8:18,1000,817.5803317,-182.4196683,2404.517317,
8:19,1000,822.9289874,-177.0710126,2401.566133,
8:20,1000,832.8622073,-167.1377927,2398.780503,
8:21,1000,782.0499713832002,-217.9500286,2395.148003,
8:22,0,700.6739861,700.6739861,2406.825902,
8:23,0,945.1839906288001,945.1839906,2422.578969,
8:24,0,720.9224708,720.9224708,2434.594343,
8:25,0,797.3318470416001,0,2434.594343,
8:26,0,766.7680957248001,0,2434.594343,
8:27,0,889.0230989874001,0,2434.594343,
8:28,0,889.0230989874001,0,2434.594343,
8:29,1000,873.7412233,-126.2587767,2432.49003,
8:30,1000,843.177472,-156.822528,2429.876322,
8:31,1000,980.7143509,-19.28564907,2429.554894,
8:32,1000,995.9962266,-4.003773408,2429.488165,
8:33,1000,955.1172106086001,-44.88278939,2428.740118,
8:34,1000,1000.962836,0.962835579,2428.756165,
8:35,1000,1082.7208695498002,82.72086955,2430.134847,
8:36,1000,771.7347047,-228.2652953,2426.330425,
8:37,1000,822.9289874,-177.0710126,2423.379241,
8:38,1000,889.0230989874001,-110.976901,2421.529626,
8:39,0,766.7680957248001,766.7680957,2434.309095,
8:40,0,914.6202393120001,0,2434.309095,
8:41,0,838.210863,0,2434.309095,
8:42,0,970.3990843,0,2434.309095,
8:43,0,929.9021149704001,0,2434.309095,
8:44,0,1041.8418515622002,0,2434.309095,
8:45,0,858.4593476706001,0,2434.309095,
8:46,1000,1138.499715,0,2434.309095,
8:47,1000,878.7078323,-121.2921677,2432.287559,
8:48,1000,1021.5933669162001,0,2432.287559,
8:49,1000,899.3383657,-100.6616343,2430.609865,
8:50,1000,985.6809599208001,-14.31904008,2430.371214,
8:51,1000,1016.2447112376001,16.24471124,2430.641959,
8:52,1000,1209.942482,209.9424818,2434.141001,
8:53,1000,975.7477419456001,0,2434.141001,
8:54,1000,1276.0365914166002,0,2434.141001,
8:55,1000,1133.533106,0,2434.141001,
8:56,0,1128.566495,0,2434.141001,
8:57,0,1306.600343,0,2434.141001,
8:58,0,1408.6068613500001,0,2434.141001,
8:59,0,1413.5734703376002,0,2434.141001,
9:00,0,1194.660606,0,2434.141001,
9:01,0,1235.539622,0,2434.141001,
9:02,0,1464.7677529914001,0,2434.141001,
9:03,1000,1148.814979,0,2434.141001,
9:04,1000,1301.633734,0,2434.141001,
9:05,1000,1057.123727,0,2434.141001,
9:06,1000,1281.3852490998001,0,2434.141001,
9:07,1000,1311.9490004166003,0,2434.141001,
9:08,1000,1230.190966,0,2434.141001,
9:09,1000,1230.190966,0,2434.141001,
9:10,1000,1271.0699824290002,0,2434.141001,
9:11,1000,1036.875243,0,2434.141001,
9:12,1000,1301.633734,0,2434.141001,
9:13,0,985.6809599208001,0,2434.141001,
9:14,0,995.9962266,0,2434.141001,
9:15,0,1159.1302458372002,0,2434.141001,
9:16,0,1133.533106,0,2434.141001,
9:17,0,1378.04311,0,2434.141001,
9:18,0,1087.687479,0,2434.141001,
9:19,0,1057.123727,0,2434.141001,
9:20,1000,1128.566495,0,2434.141001,
9:21,1000,1250.8214977830003,0,2434.141001,
9:22,1000,1077.372212,0,2434.141001,
9:23,1000,1082.7208695498002,0,2434.141001,
9:24,1000,1561.4256139248002,0,2434.141001,
9:25,1000,1311.9490004166003,0,2434.141001,
9:26,1000,1133.533106,0,2434.141001,
9:27,1000,919.5868503042001,0,2434.141001,
9:28,1000,878.7078323,-121.2921677,2432.119464,
9:29,1000,827.8955983584001,0,2432.119464,
9:30,0,1199.627215,0,2432.119464,
9:31,0,1062.0903382128001,0,2432.119464,
9:32,0,1194.660606,0,2432.119464,
9:33,0,1138.499715,0,2432.119464,
9:34,0,1230.190966,0,2432.119464,
9:35,0,1321.882218,0,2432.119464,
9:36,0,1505.2647222834003,0,2432.119464,
9:37,1000,1332.1974850626002,0,2432.119464,
9:38,1000,1418.922126,0,2432.119464,
9:39,1000,1179.3787304832001,0,2432.119464,
9:40,1000,1505.2647222834003,0,2432.119464,
9:41,1000,1291.318467,0,2432.119464,
9:42,1000,1342.51275,0,2432.119464,
9:43,1000,1138.499715,0,2432.119464,
9:44,1000,1408.6068613500001,0,2432.119464,
9:45,1000,1495.331504,0,2432.119464,
9:46,1000,1480.0496286498003,0,2432.119464,
9:47,0,1413.5734703376002,0,2432.119464,
9:48,0,1327.2308740704002,0,2432.119464,
9:49,0,1587.0227562540001,0,2432.119464,
9:50,0,1245.4728421044001,0,2432.119464,
9:51,0,1311.9490004166003,0,2432.119464,
9:52,0,1403.6402523624001,0,2432.119464,
9:53,0,1551.110349,0,2432.119464,
9:54,1000,1276.0365914166002,0,2432.119464,
9:55,1000,1428.855346,0,2432.119464,
9:56,1000,1148.814979,0,2432.119464,
9:57,1000,1031.5265868960003,0,2432.119464,
9:58,1000,1286.351858,0,2432.119464,
9:59,1000,1245.4728421044001,0,2432.119464,
10:00,1000,1357.794625,0,2432.119464,
10:01,1000,1357.794625,0,2432.119464,
10:02,1000,1444.137222,0,2432.119464,
10:03,1000,1454.452486,0,2432.119464,
10:04,0,1485.016238,0,2432.119464,
10:05,0,1480.0496286498003,0,2432.119464,
10:06,0,1316.915609,0,2432.119464,
10:07,0,1454.452486,0,2432.119464,
10:08,0,1403.6402523624001,0,2432.119464,
10:09,0,1428.855346,0,2432.119464,
10:10,0,1398.291595,0,2432.119464,
10:11,1000,1301.633734,0,2432.119464,
10:12,1000,1255.788107,0,2432.119464,
10:13,1000,1286.351858,0,2432.119464,
10:14,1000,1398.291595,0,2432.119464,
10:15,1000,1296.667125,0,2432.119464,
10:16,1000,1357.794625,0,2432.119464,
10:17,1000,1077.372212,0,2432.119464,
10:18,1000,1102.9693541958002,0,2432.119464,
10:19,1000,1546.14374,0,2432.119464,
10:20,1000,1760.0899934748002,0,2432.119464,
10:21,0,1551.110349,0,2432.119464,
10:22,0,1454.452486,0,2432.119464,
10:23,0,1632.8683812246002,0,2432.119464,
10:24,0,1469.7343619790001,0,2432.119464,
10:25,0,1831.532761,0,2432.119464,
10:26,0,1551.110349,0,2432.119464,
10:27,0,1530.8618646126001,0,2432.119464,
10:28,1000,1337.1640940502002,0,2432.119464,
10:29,1000,1082.7208695498002,0,2432.119464,
10:30,1000,1245.4728421044001,0,2432.119464,
10:31,1000,1637.8349922168002,0,2432.119464,
10:32,1000,1194.660606,0,2432.119464,
10:33,1000,1184.3453394708001,0,2432.119464,
10:34,1000,1515.579989,0,2432.119464,
10:35,1000,1449.4858773330002,0,2432.119464,
10:36,1000,1128.566495,0,2432.119464,
10:37,1000,1321.882218,0,2432.119464,
10:38,0,1123.2178388418001,0,2432.119464,
10:39,0,1006.311493,0,2432.119464,
10:40,0,1485.016238,0,2432.119464,
10:41,0,1658.0834768628001,0,2432.119464,
10:42,0,1505.2647222834003,0,2432.119464,
10:43,0,1255.788107,0,2432.119464,
10:44,0,1011.2781022500001,0,2432.119464,
10:45,1000,1602.304632,0,2432.119464,
10:46,1000,1551.110349,0,2432.119464,
10:47,1000,1398.291595,0,2432.119464,
10:48,1000,1637.8349922168002,0,2432.119464,
10:49,1000,1714.244369,0,2432.119464,
10:50,1000,1388.3583767040002,0,2432.119464,
10:51,1000,1480.0496286498003,0,2432.119464,
10:52,1000,1423.888737,0,2432.119464,
10:53,1000,1398.291595,0,2432.119464,
10:54,1000,1388.3583767040002,0,2432.119464,
10:55,0,2004.6000000000001,0,2432.119464,
10:56,0,1703.9291018334002,0,2432.119464,
10:57,0,1648.150257,0,2432.119464,
10:58,0,1627.519726,0,2432.119464,
10:59,0,1301.633734,0,2432.119464,
11:00,0,1505.2647222834003,0,2432.119464,
11:01,0,1515.579989,0,2432.119464,
11:02,1000,1622.5531165584002,0,2432.119464,
11:03,1000,1301.633734,0,2432.119464,
11:04,1000,1383.009719,0,2432.119464,
11:05,1000,1469.7343619790001,0,2432.119464,
11:06,1000,1184.3453394708001,0,2432.119464,
11:07,1000,1240.506233,0,2432.119464,
11:08,1000,1276.0365914166002,0,2432.119464,
11:09,1000,1530.8618646126001,0,2432.119464,
11:10,1000,1428.855346,0,2432.119464,
11:11,1000,1052.1571182330001,0,2432.119464,
11:12,0,1286.351858,0,2432.119464,
11:13,0,1347.4793587164002,0,2432.119464,
11:14,0,1485.016238,0,2432.119464,
11:15,0,1495.331504,0,2432.119464,
11:16,0,1031.5265868960003,0,2432.119464,
11:17,0,1500.298113,0,2432.119464,
11:18,0,1159.1302458372002,0,2432.119464,
11:19,1000,1087.687479,0,2432.119464,
11:20,1000,1194.660606,0,2432.119464,
11:21,1000,1454.452486,0,2432.119464,
11:22,1000,1602.304632,0,2432.119464,
11:23,1000,1057.123727,0,2432.119464,
11:24,1000,863.4259586628001,0,2432.119464,
11:25,1000,1087.687479,0,2432.119464,
11:26,1000,1449.4858773330002,0,2432.119464,
11:27,1000,1459.419097,0,2432.119464,
11:28,1000,1739.841509,0,2432.119464,
11:29,0,1658.0834768628001,0,2432.119464,
11:30,0,1098.002745,0,2432.119464,
11:31,0,1189.693997,0,2432.119464,
11:32,0,1342.51275,0,2432.119464,
11:33,0,1311.9490004166003,0,2432.119464,
11:34,0,1413.5734703376002,0,2432.119464,
11:35,0,1398.291595,0,2432.119464,
11:36,1000,1072.405603,0,2432.119464,
11:37,1000,1148.814979,0,2432.119464,
11:38,1000,919.5868503042001,0,2432.119464,
11:39,1000,1755.1233844872002,0,2432.119464,
11:40,1000,1602.304632,0,2432.119464,
11:41,1000,1729.526244,0,2432.119464,
11:42,1000,1734.4928531502003,0,2432.119464,
11:43,1000,1648.150257,0,2432.119464,
11:44,1000,1810.9022294376002,0,2432.119464,
11:45,3000,1561.4256139248002,0,2432.119464,
11:46,0,1332.1974850626002,0,2432.119464,
11:47,2000,1352.4459697086002,0,2432.119464,
11:48,0,1179.3787304832001,0,2432.119464,
11:49,2000,1510.6133799666002,0,2432.119464,
11:50,0,1454.452486,0,2432.119464,
11:51,2000,1291.318467,-708.6815329,2420.308106,
11:52,0,1394.089079,1394.089079,2443.542924,
11:53,3000,1332.1974850626002,0,2443.542924,
11:54,1000,1301.633734,0,2443.542924,
11:55,3000,1760.0899934748002,0,2443.542924,
11:56,1000,1301.633734,0,2443.542924,
11:57,3000,1306.600343,-1693.399657,2415.319596,
11:58,1000,1495.331504,495.3315043,2423.575121,
11:59,3000,1316.915609,-1683.084391,2395.523714,
12:00,1000,1332.1974850626002,332.1974851,2401.060339,
12:01,3000,1113.284619,-1886.715381,2369.615083,
12:02,1000,1444.137222,444.1372217,2377.01737,
12:03,2000,1036.875243,-963.1247574,2360.965291,
12:04,0,899.3383657,899.3383657,2375.954263,
12:05,2000,1118.25123,-881.7487701,2361.258451,
12:06,0,893.9897079750001,893.989708,2376.158279,
12:07,2000,1266.103373,-733.8966266,2363.926669,
12:08,0,1189.693997,1189.693997,2383.754902,
12:09,2000,1072.405603,-927.5943971,2368.294995,
12:10,1000,1464.7677529914001,464.767753,2376.041124,
12:11,3000,1373.076501,-1626.923499,2348.925733,
12:12,1000,1709.2777595166003,709.2777595,2360.747029,
12:13,3000,1418.922126,-1581.077874,2334.395731,
12:14,1000,1225.2243574584002,225.2243575,2338.14947,
12:15,3000,1480.0496286498003,-1519.950371,2312.816964,
12:16,1000,1271.0699824290002,271.0699824,2317.334797,
12:17,3000,1041.8418515622002,-1958.158148,2284.698828,
12:18,1000,695.3253284250001,-304.6746716,2279.620917,
12:19,3000,1332.1974850626002,-1667.802515,2251.824208,
12:20,0,1016.2447112376001,1016.244711,2268.76162,
12:21,2000,1332.1974850626002,-667.8025149,2257.631578,
12:22,0,1444.137222,1444.137222,2281.700532,
12:23,2000,1434.204002,-565.7959983,2272.270598,
12:24,0,1337.1640940502002,1337.164094,2294.556667,
12:25,2000,1159.1302458372002,-840.8697542,2280.542171,
12:26,0,1169.0634658170002,1169.063466,2300.026562,
12:27,3000,970.3990843,-2029.600916,2266.19988,
12:28,1000,1546.14374,546.1437403,2275.302276,
12:29,3000,1459.419097,-1540.580903,2249.625927,
12:30,1000,1826.184105,826.1841051,2263.395662,
12:31,1000,1408.6068613500001,408.6068614,2270.205777,
12:32,1000,1800.969011,800.9690115,2283.55526,
12:33,1000,1596.955974,596.9559742,2293.504526,
12:34,1000,1133.533106,133.5331055,2295.730078,
12:35,1000,1102.9693541958002,102.9693542,2297.446234,
12:36,1000,1159.1302458372002,159.1302458,2300.098405,
12:37,0,853.4927387,853.4927387,2314.323284,
12:38,0,1092.654088,1092.654088,2332.534185,
12:39,0,1072.405603,1072.405603,2350.407612,
12:40,0,1388.3583767040002,1388.358377,2373.546918,
12:41,0,939.8353349502001,939.835335,2389.210841,
12:42,0,848.144083,848.144083,2403.346575,
12:43,0,1031.5265868960003,1031.526587,2420.538685,
12:44,1000,873.7412233,-126.2587767,2418.434372,
12:45,1000,1209.942482,209.9424818,2421.933413,
12:46,1000,1102.9693541958002,102.9693542,2423.649569,
12:47,1000,1194.660606,194.6606061,2426.893913,
12:48,1000,1031.5265868960003,31.5265869,2427.419356,
12:49,1000,1016.2447112376001,16.24471124,2427.690101,
12:50,1000,1627.519726,627.5197255,2438.148763,
12:51,1000,1301.633734,0,2438.148763,
12:52,1000,1373.076501,0,2438.148763,
12:53,1000,1220.2577464662002,0,2438.148763,
12:54,0,1505.2647222834003,0,2438.148763,
12:55,0,1632.8683812246002,0,2438.148763,
12:56,0,1698.9624928458002,0,2438.148763,
12:57,0,1546.14374,0,2438.148763,
12:58,0,1403.6402523624001,0,2438.148763,
12:59,0,1474.7009729712001,0,2438.148763,
13:00,0,1321.882218,0,2438.148763,
13:01,1000,1617.5865075708002,0,2438.148763,
13:02,1000,1423.888737,0,2438.148763,
13:03,1000,1271.0699824290002,0,2438.148763,
13:04,1000,1444.137222,0,2438.148763,
13:05,1000,1755.1233844872002,0,2438.148763,
13:06,1000,1296.667125,0,2438.148763,
13:07,1000,1571.740881,0,2438.148763,
13:08,1000,1587.0227562540001,0,2438.148763,
13:09,1000,1398.291595,0,2438.148763,
13:10,1000,1418.922126,0,2438.148763,
13:11,0,1755.1233844872002,0,2438.148763,
13:12,0,1556.4590049372002,0,2438.148763,
13:13,0,1337.1640940502002,0,2438.148763,
13:14,0,1403.6402523624001,0,2438.148763,
13:15,0,1169.0634658170002,0,2438.148763,
13:16,0,1052.1571182330001,0,2438.148763,
13:17,0,1245.4728421044001,0,2438.148763,
13:18,1000,1255.788107,0,2438.148763,
13:19,1000,1220.2577464662002,0,2438.148763,
13:20,1000,1169.0634658170002,0,2438.148763,
13:21,1000,1800.969011,0,2438.148763,
13:22,1000,1556.4590049372002,0,2438.148763,
13:23,1000,1678.7140081998002,0,2438.148763,
13:24,1000,1459.419097,0,2438.148763,
13:25,1000,1489.982847,0,2438.148763,
13:26,1000,1418.922126,0,2438.148763,
13:27,1000,1515.579989,0,2438.148763,
13:28,0,1775.371869,0,2438.148763,
13:29,0,1434.204002,0,2438.148763,
13:30,0,1530.8618646126001,0,2438.148763,
13:31,0,1301.633734,0,2438.148763,
13:32,0,1174.412121,0,2438.148763,
13:33,0,1362.761234,0,2438.148763,
13:34,0,858.4593476706001,0,2438.148763,
13:35,1000,1403.6402523624001,0,2438.148763,
13:36,1000,1693.9958838582002,0,2438.148763,
13:37,1000,1698.9624928458002,0,2438.148763,
13:38,1000,1556.4590049372002,0,2438.148763,
13:39,1000,1225.2243574584002,0,2438.148763,
13:40,1000,1454.452486,0,2438.148763,
13:41,1000,1571.740881,0,2438.148763,
13:42,1000,1556.4590049372002,0,2438.148763,
13:43,1000,1306.600343,0,2438.148763,
13:44,1000,1098.002745,0,2438.148763,
13:45,0,868.7746143,0,2438.148763,
13:46,0,1184.3453394708001,0,2438.148763,
13:47,0,1357.794625,0,2438.148763,
13:48,0,1642.8016012044002,0,2438.148763,
13:49,0,1408.6068613500001,0,2438.148763,
13:50,0,1739.841509,0,2438.148763,
13:51,0,1907.942139,0,2438.148763,
13:52,1000,1719.2109774918001,0,2438.148763,
13:53,1000,1617.5865075708002,0,2438.148763,
13:54,1000,1128.566495,0,2438.148763,
13:55,1000,1133.533106,0,2438.148763,
13:56,1000,1316.915609,0,2438.148763,
13:57,1000,1281.3852490998001,0,2438.148763,
13:58,1000,1169.0634658170002,0,2438.148763,
13:59,1000,1245.4728421044001,0,2438.148763,
14:00,1000,1469.7343619790001,0,2438.148763,
14:01,1000,1719.2109774918001,0,2438.148763,
14:02,0,1209.942482,0,2438.148763,
14:03,0,1214.909091,0,2438.148763,
14:04,0,1296.667125,0,2438.148763,
14:05,0,1520.546598,0,2438.148763,
14:06,0,1668.398742,0,2438.148763,
14:07,0,1449.4858773330002,0,2438.148763,
14:08,0,1214.909091,0,2438.148763,
14:09,1000,1306.600343,0,2438.148763,
14:10,1000,1566.3922249170002,0,2438.148763,
14:11,1000,1342.51275,0,2438.148763,
14:12,1000,1159.1302458372002,0,2438.148763,
14:13,1000,1541.177129,0,2438.148763,
14:14,1000,1388.3583767040002,0,2438.148763,
14:15,1000,1311.9490004166003,0,2438.148763,
14:16,1000,1266.103373,0,2438.148763,
14:17,1000,919.5868503042001,0,2438.148763,
14:18,1000,1240.506233,0,2438.148763,
14:19,0,1607.271241,0,2438.148763,
14:20,0,1637.8349922168002,0,2438.148763,
14:21,0,1321.882218,0,2438.148763,
14:22,0,1337.1640940502002,0,2438.148763,
14:23,0,909.2715836334002,0,2438.148763,
14:24,0,1021.5933669162001,0,2438.148763,
14:25,0,1556.4590049372002,0,2438.148763,
14:26,1000,1683.680617,0,2438.148763,
14:27,1000,1225.2243574584002,0,2438.148763,
14:28,1000,1041.8418515622002,0,2438.148763,
14:29,1000,1347.4793587164002,0,2438.148763,
14:30,1000,1703.9291018334002,0,2438.148763,
14:31,1000,1658.0834768628001,0,2438.148763,
14:32,1000,1724.5596331704003,0,2438.148763,
14:33,1000,1923.2240127204002,0,2438.148763,
14:34,1000,1383.009719,0,2438.148763,
14:35,1000,1459.419097,0,2438.148763,
14:36,0,1184.3453394708001,0,2438.148763,
14:37,0,777.0833624,0,2438.148763,
14:38,0,863.4259586628001,0,2438.148763,
14:39,0,1011.2781022500001,0,2438.148763,
14:40,0,1311.9490004166003,0,2438.148763,
14:41,0,1805.9356204500002,0,2438.148763,
14:42,0,1489.982847,0,2438.148763,
14:43,1000,1204.975873,0,2438.148763,
14:44,1000,1276.0365914166002,0,2438.148763,
14:45,1000,868.7746143,-131.2253857,2435.961673,
14:46,1000,868.7746143,-131.2253857,2433.774584,
14:47,1000,995.9962266,-4.003773408,2433.707854,
14:48,1000,1281.3852490998001,0,2433.707854,
14:49,1000,1281.3852490998001,0,2433.707854,
14:50,1000,1107.9359631834002,0,2433.707854,
14:51,1000,843.177472,-156.822528,2431.094145,
14:52,1000,995.9962266,-4.003773408,2431.027416,
14:53,0,1444.137222,0,2431.027416,
14:54,0,1729.526244,0,2431.027416,
14:55,0,1271.0699824290002,0,2431.027416,
14:56,3700,1209.942482,-2431.027416,2390.510292,
14:57,3700,1515.579989,-2184.420011,2354.103292,
14:58,3700,1469.7343619790001,-2230.265638,2316.932198,
14:59,3700,1367.727845,-2316.932198,2278.316661,
15:00,4700,1031.5265868960003,-3668.473413,2217.175438,
15:01,4700,1174.412121,-2217.175438,2180.222514,
15:02,4700,1052.1571182330001,-3647.842882,2119.425132,
15:03,4700,822.9289874,-2119.425132,2084.10138,
15:04,4700,1383.009719,-2084.10138,2049.366357,
15:05,4700,1240.506233,-2049.366357,2015.210251,
15:06,4700,1194.660606,-2015.210251,1981.623414,
15:07,4700,1469.7343619790001,-3230.265638,1927.785653,
15:08,4700,1327.2308740704002,-3372.769126,1871.572834,
15:09,4700,1133.533106,-1871.572834,1840.379954,
15:10,3700,1637.8349922168002,-2062.165008,1806.010537,
15:11,3700,1551.110349,-1806.010537,1775.910361,
15:12,3700,1388.3583767040002,-2311.641623,1737.383001,
15:13,3700,1102.9693541958002,-2597.030646,1694.099157,
15:14,3700,1398.291595,-1694.099157,1665.864171,
15:15,3700,1082.7208695498002,-2617.27913,1622.242852,
15:16,3700,1164.0968548248002,-2535.903145,1579.9778,
15:17,4700,1230.190966,-1579.9778,1553.644836,
15:18,4700,1332.1974850626002,-3367.802515,1497.514794,
15:19,4700,1026.5599779084002,-3673.440022,1436.290794,
15:20,4700,1276.0365914166002,-3423.963409,1379.224737,
15:21,4700,1734.4928531502003,-2965.507147,1329.799618,
15:22,4700,1984.3515153540002,-2715.648485,1284.53881,
15:23,4700,1474.7009729712001,-3225.299027,1230.783826,
15:24,4700,1367.727845,-1230.783826,1210.270763,
15:25,4700,1220.2577464662002,-3479.742254,1152.275058,
15:26,4700,1321.882218,-1152.275058,1133.070474,
15:27,3700,1332.1974850626002,-2367.802515,1093.607099,
15:28,3700,1378.04311,-1093.607099,1075.380314,
15:29,3700,1362.761234,-1075.380314,1057.457309,
15:30,3700,629.2312188084001,-3070.768781,1006.277829,
15:31,3700,863.4259586628001,-2836.574041,959.0015948,
15:32,3700,1291.318467,-959.0015948,943.0182349,
15:33,3700,1337.1640940502002,-2362.835906,903.6376365,
15:34,4700,1296.667125,-903.6376365,888.5770092,
15:35,4700,1179.3787304832001,-3520.62127,829.8999881,
15:36,4700,1423.888737,-829.8999881,816.0683216,
15:37,4700,1596.955974,-816.0683216,802.4671829,
15:38,4700,1209.942482,-802.4671829,789.0927299,
15:39,4700,1240.506233,-789.0927299,775.9411844,
15:40,4700,1388.3583767040002,-3311.641623,720.7471573,
15:41,4700,1724.5596331704003,-2975.440367,671.1564845,
15:42,4700,1311.9490004166003,-3388.051,614.6889679,
15:43,4700,1266.103373,-614.6889679,604.4441517,
15:44,3700,1311.9490004166003,-2388.051,564.6433017,
15:45,3700,1153.78159,-564.6433017,555.23258,
15:46,3700,1067.438994,-555.23258,545.9787037,
15:47,3700,1321.882218,-545.9787037,536.8790587,
15:48,3700,1418.922126,-536.8790587,527.9310743,
15:49,3700,1469.7343619790001,-2230.265638,490.7599804,
15:50,3700,1510.6133799666002,-2189.38662,454.2702034,
15:51,4700,1678.7140081998002,-3021.285992,403.9154368,
15:52,4700,1138.499715,-403.9154368,397.1835129,
15:53,4700,1316.915609,-397.1835129,390.5637877,
15:54,4700,1169.0634658170002,-3530.936534,331.7148454,
15:55,4700,1189.693997,-331.7148454,326.1862647,
15:56,4700,1495.331504,-326.1862647,320.7498269,
15:57,4700,1530.8618646126001,-3169.138135,267.930858,
15:58,4700,1072.405603,-267.930858,263.4653437,
15:59,4700,945.1839906288001,-3754.816009,200.8850769,
16:00,4700,1316.915609,-200.8850769,197.5369923,
16:01,3700,1255.788107,-197.5369923,194.2447091,
16:02,3700,1255.788107,-194.2447091,191.0072973,
16:03,3700,1423.888737,-191.0072973,187.8238423,
16:04,3700,1388.3583767040002,-2311.641623,149.2964819,
16:05,3700,1963.7209840170003,-1736.279016,120.3584983,
16:06,3700,1551.110349,-120.3584983,118.3525233,
16:07,3700,1398.291595,-118.3525233,116.3799813,
16:08,4700,1357.794625,-116.3799813,114.4403149,
16:09,4700,1138.499715,-114.4403149,112.5329764,
16:10,4700,1612.23785,-112.5329764,110.6574267,
16:11,4700,1388.3583767040002,-3311.641623,55.46339969,
16:12,4700,1199.627215,-55.46339969,54.5390097,
16:13,4700,1057.123727,-54.5390097,53.6300262,
16:14,4700,1240.506233,-53.6300262,52.73619243,
16:15,4700,1535.8284736002001,-3164.171526,3.23454E-07,
16:16,4700,1153.78159,-3.23454E-07,3.18063E-07,
16:17,4700,1153.78159,-3.18063E-07,3.12762E-07,
16:18,0,1230.190966,1230.190966,20.50318309,
16:19,0,1133.533106,1133.533106,39.39540151,
16:20,0,1245.4728421044001,1245.472842,60.15328221,
16:21,0,1138.499715,1138.499715,79.12827746,
16:22,0,1123.2178388418001,1123.217839,97.84857477,
16:23,0,1000.962836,1000.962836,114.5312887,
16:24,0,1082.7208695498002,1082.72087,132.5766365,
16:25,1000,1795.620354,795.6203538,145.8369758,
16:26,1000,1235.539622,235.5396221,149.7626361,
16:27,1000,1449.4858773330002,449.4858773,157.2540674,
16:28,1000,1388.3583767040002,388.3583767,163.726707,
16:29,1000,1642.8016012044002,642.8016012,174.440067,
16:30,1000,1515.579989,515.579989,183.0330669,
16:31,1000,1505.2647222834003,505.2647223,191.4541456,
16:32,1000,1184.3453394708001,184.3453395,194.5265679,
16:33,1000,1128.566495,128.5664945,196.6693428,
16:34,1000,1169.0634658170002,169.0634658,199.4870672,
16:35,0,924.5534592918001,924.5534593,214.8962915,
16:36,0,950.1505996,950.1505996,230.7321349,
16:37,0,848.144083,848.144083,244.8678696,
16:38,0,991.0296176040001,991.0296176,261.3850299,
16:39,0,1423.888737,1423.888737,285.1165088,
16:40,0,980.7143509,980.7143509,301.461748,
16:41,0,960.4658662872001,960.4658663,317.4695125,
16:42,1000,1072.405603,72.40560288,318.6762725,
16:43,1000,1204.975873,204.9758728,322.092537,
16:44,1000,1255.788107,255.7881068,326.3556722,
16:45,1000,1780.33848,780.3384801,339.3613135,
16:46,1000,1373.076501,373.076501,345.5792552,
16:47,1000,1591.9893652416001,591.9893652,355.4457446,
16:48,1000,1423.888737,423.888737,362.5105569,
16:49,1000,1082.7208695498002,82.72086955,363.889238,
16:50,1000,1546.14374,546.1437403,372.9916337,
16:51,1000,1266.103373,266.1033734,377.4266899,
16:52,0,1367.727845,1367.727845,400.222154,
16:53,0,1255.788107,1255.788107,421.1519558,
16:54,0,1546.14374,1546.14374,446.9210181,
16:55,0,1342.51275,1342.51275,469.2962306,
16:56,0,1648.150257,1648.150257,496.7654016,
16:57,0,1444.137222,1444.137222,520.8343553,
16:58,0,1541.177129,1541.177129,546.5206408,
16:59,1000,1724.5596331704003,724.5596332,558.5966347,
17:00,1000,1199.627215,199.6272151,561.9237549,
17:01,1000,1169.0634658170002,169.0634658,564.7414793,
17:02,1000,1000.962836,0.962835579,564.7575266,
17:03,1000,1388.3583767040002,388.3583767,571.2301662,
17:04,1000,1240.506233,240.5062331,575.2386034,
17:05,1000,1087.687479,87.68747854,576.7000614,
17:06,1000,1245.4728421044001,245.4728421,580.7912754,
17:07,1000,1199.627215,199.6272151,584.1183957,
17:08,1000,1403.6402523624001,403.6402524,590.8457332,
17:09,0,1703.9291018334002,1703.929102,619.2445516,
17:10,0,1495.331504,1495.331504,644.1667433,
17:11,0,1439.170613,1439.170613,668.1529202,
17:12,0,1515.579989,1515.579989,693.4125867,
17:13,0,1663.432133,1663.432133,721.1364556,
17:14,0,1250.8214977830003,1250.821498,741.9834805,
17:15,0,970.3990843,970.3990843,758.1567986,
17:16,1000,1067.438994,67.43899389,759.2807818,
17:17,1000,1062.0903382128001,62.09033821,760.3156208,
17:18,1000,1041.8418515622002,41.84185156,761.012985,
17:19,1000,1204.975873,204.9758728,764.4292495,
17:20,1000,1321.882218,321.8822184,769.7939532,
17:21,1000,939.8353349502001,-60.16466505,768.7912088,
17:22,1000,1087.687479,87.68747854,770.2526667,
17:23,1000,960.4658662872001,-39.53413371,769.5937645,
17:24,1000,1082.7208695498002,82.72086955,770.9724457,
17:25,1000,1434.204002,434.2040017,778.209179,
17:26,0,1026.5599779084002,1026.559978,795.318512,
17:27,0,1057.123727,1057.123727,812.9372408,
17:28,0,960.4658662872001,960.4658663,828.9450052,
17:29,0,1332.1974850626002,1332.197485,851.1482966,
17:30,0,1067.438994,1067.438994,868.9389465,
17:31,0,1087.687479,1087.687479,887.0670712,
17:32,0,1184.3453394708001,1184.345339,906.8061602,
17:33,1000,1143.84837,143.8483702,909.203633,
17:34,1000,1398.291595,398.2915947,915.8418263,
17:35,1000,1459.419097,459.4190973,923.4988112,
17:36,1000,1347.4793587164002,347.4793587,929.2901339,
17:37,1000,1240.506233,240.5062331,933.2985711,
17:38,1000,909.2715836334002,-90.72841637,931.7864308,
17:39,1000,1266.103373,266.1033734,936.221487,
17:40,1000,1240.506233,240.5062331,940.2299242,
17:41,3000,975.7477419456001,-2024.252258,906.4923866,
17:42,1000,1230.190966,230.1909664,910.3289027,
17:43,2000,1403.6402523624001,-596.3597476,900.3895736,
17:44,0,1281.3852490998001,1281.385249,921.7459944,
17:45,2000,1403.6402523624001,-596.3597476,911.8066653,
17:46,0,1260.754718,1260.754718,932.8192439,
17:47,2000,1113.284619,-886.7153811,918.0406542,
17:48,0,1342.51275,1342.51275,940.4158667,
17:49,2000,960.4658662872001,-1039.534134,923.0902978,
17:50,1000,1418.922126,418.922126,930.0723333,
17:51,3000,1505.2647222834003,-1494.735278,905.1600786,
17:52,1000,1469.7343619790001,469.734362,912.9889847,
17:53,3000,1107.9359631834002,-1892.064037,881.4545841,
17:54,1000,965.4324753,-34.56752473,880.8784586,
17:55,3000,1169.0634658170002,-1830.936534,850.3628497,
17:56,1000,1133.533106,133.5331055,852.5884015,
17:57,3000,1342.51275,-852.5884015,838.3785948,
17:58,1000,1107.9359631834002,107.9359632,840.1775275,
17:59,3000,1306.600343,-840.1775275,826.1745687,
18:00,0,1301.633734,1301.633734,847.8684643,
18:01,2000,1016.2447112376001,-983.7552888,831.4725428,
18:02,0,985.6809599208001,985.6809599,847.9005588,
18:03,2000,1087.687479,-847.9005588,833.7688828,
18:04,0,1204.975873,1204.975873,853.851814,
18:05,2000,1276.0365914166002,-723.9634086,841.7857572,
18:06,0,1046.808463,1046.808463,859.2325649,
18:07,3000,1179.3787304832001,-1820.62127,828.8888771,
18:08,1000,868.7746143,-131.2253857,826.7017874,
18:09,3000,965.4324753,-826.7017874,812.9234242,
18:10,1000,1184.3453394708001,184.3453395,815.9958466,
18:11,3000,1179.3787304832001,-1820.62127,785.6521587,
18:12,1000,924.5534592918001,-75.44654071,784.3947164,
18:13,3000,1214.909091,-784.3947164,771.3214711,
18:14,1000,1184.3453394708001,184.3453395,774.3938934,
18:15,3000,1072.405603,-774.3938934,761.4873286,
18:16,1000,1281.3852490998001,281.3852491,766.1770827,
18:17,2000,1036.875243,-766.1770827,753.4074647,
18:18,0,970.3990843,970.3990843,769.5807827,
18:19,2000,893.9897079750001,-1106.010292,751.1472779,
18:20,0,909.2715836334002,909.2715836,766.3018043,
18:21,2000,1052.1571182330001,-947.8428818,750.5044229,
18:22,0,1072.405603,1072.405603,768.3778496,
18:23,2000,980.7143509,-768.3778496,755.5715521,
18:24,1000,965.4324753,-34.56752473,754.9954267,
18:25,3000,827.8955983584001,-2172.104402,718.7936867,
18:26,1000,751.4862201,-248.5137799,714.6517903,
18:27,3000,1011.2781022500001,-1988.721898,681.5064254,
18:28,1000,950.1505996,-49.84940038,680.675602,
18:29,3000,924.5534592918001,-2075.446541,646.0848264,
18:30,1000,858.4593476706001,-141.5406523,643.7258155,
18:31,3000,766.7680957248001,-2233.231904,606.5052838,
18:32,1000,975.7477419456001,-24.25225805,606.1010795,
18:33,3000,1016.2447112376001,-1983.755289,573.0384913,
18:34,0,919.5868503042001,919.5868503,588.3649388,
18:35,2000,746.5196111,-588.3649388,578.5588565,
18:36,0,853.4927387,853.4927387,592.7837355,
18:37,2000,843.177472,-592.7837355,582.9040066,
18:38,0,904.3049746,904.3049746,597.9757561,
18:39,2000,822.9289874,-597.9757561,588.0094935,
18:40,0,817.5803317,817.5803317,601.6358324,
18:41,3000,919.5868503042001,-2080.41315,566.9622799,
18:42,1000,858.4593476706001,-141.5406523,564.603269,
18:43,3000,970.3990843,-564.603269,555.1932145,
18:44,1000,746.5196111,-253.4803889,550.9685414,
18:45,3000,899.3383657,-550.9685414,541.7857324,
18:46,1000,899.3383657,-100.6616343,540.1080385,
18:47,3000,751.4862201,-540.1080385,531.1062378,
18:48,1000,761.8014867372001,-238.1985133,527.1362626,
18:49,3000,766.7680957248001,-2233.231904,489.9157309,
18:50,1000,685.3921104,-314.6078896,484.672266,
18:51,2000,629.2312188084001,-1370.768781,461.8261197,
18:52,0,659.7949681206001,659.7949681,472.8227025,
18:53,2000,649.4797035,-472.8227025,464.9423241,
18:54,0,664.7615771082001,664.7615771,476.0216837,
18:55,2000,761.8014867372001,-1238.198513,455.3850418,
18:56,0,746.5196111,746.5196111,467.8270354,
18:57,2000,736.2043444080001,-1263.795656,446.7637744,
18:58,1000,685.3921104,-314.6078896,441.5203096,
18:59,3000,802.298456,-441.5203096,434.1616378,
19:00,1000,848.144083,-151.855917,431.6307058,
19:01,3000,807.6471117,-431.6307058,424.4368607,
19:02,1000,751.4862201,-248.5137799,420.2949644,
19:03,3000,792.3652380540001,-2207.634762,383.5010517,
19:04,1000,756.4528311,-243.5471689,379.4419322,
19:05,3000,1062.0903382128001,-1937.909662,347.1434379,
19:06,1000,1658.0834768628001,658.0834769,358.1114958,
19:07,3000,1148.814979,-358.1114958,352.1429709,
19:08,0,853.4927387,853.4927387,366.3678498,
19:09,2000,914.6202393120001,-1085.379761,348.2781872,
19:10,0,858.4593476706001,858.4593477,362.585843,
19:11,2000,1107.9359631834002,-892.0640368,347.718109,
19:12,0,1388.3583767040002,1388.358377,370.8574153,
19:13,2000,1607.271241,-370.8574153,364.6764584,
19:14,0,1418.922126,1418.922126,388.3251605,
19:15,3000,1413.5734703376002,-1586.42653,361.8847183,
19:16,1000,1199.627215,199.6272151,365.2118386,
19:17,3000,1174.412121,-365.2118386,359.1249746,
19:18,1000,1683.680617,683.6806172,370.5196515,
19:19,3000,1332.1974850626002,-1667.802515,342.722943,
19:20,1000,1220.2577464662002,220.2577465,346.3939054,
19:21,1000,1271.0699824290002,271.0699824,350.9117384,
19:22,1000,1148.814979,148.8149792,353.3919881,
19:23,1000,1118.25123,118.2512299,355.3628419,
19:24,1000,975.7477419456001,-24.25225805,354.9586376,
19:25,0,1041.8418515622002,1041.841852,372.3226685,
19:26,0,1240.506233,1240.506233,392.9977724,
19:27,0,1143.84837,1143.84837,412.0619119,
19:28,0,1398.291595,1398.291595,435.3667718,
19:29,0,1306.600343,1306.600343,457.1434442,
19:30,0,1031.5265868960003,1031.526587,474.3355539,
19:31,0,1235.539622,1235.539622,494.927881,
19:32,1000,1128.566495,128.5664945,497.0706559,
19:33,1000,1515.579989,515.579989,505.6636557,
19:34,1000,1566.3922249170002,566.3922249,515.1035261,
19:35,1000,1373.076501,373.076501,521.3214678,
19:36,1000,1098.002745,98.00274521,522.9548469,
19:37,1000,1316.915609,316.9156094,528.2367737,
19:38,1000,985.6809599208001,-14.31904008,527.998123,
19:39,1000,1255.788107,255.7881068,532.2612582,
19:40,1000,1138.499715,138.4997145,534.5695867,
19:41,1000,1393.3249856916002,393.3249857,541.1250032,
19:42,0,1052.1571182330001,1052.157118,558.6609551,
19:43,0,1220.2577464662002,1220.257746,578.9985842,
19:44,0,1153.78159,1153.78159,598.2282774,
19:45,0,1591.9893652416001,1591.989365,624.7614335,
19:46,0,1602.304632,1602.304632,651.4665107,
19:47,0,1444.137222,1444.137222,675.5354644,
19:48,0,1454.452486,1454.452486,699.7763392,
19:49,1000,1286.351858,286.3518581,704.5488701,
19:50,1000,1469.7343619790001,469.734362,712.3777762,
19:51,1000,1321.882218,321.8822184,717.7424798,
19:52,1000,1332.1974850626002,332.1974851,723.2791046,
19:53,1000,1153.78159,153.7815902,725.8421311,
19:54,1000,1245.4728421044001,245.4728421,729.9333451,
19:55,1000,1281.3852490998001,281.3852491,734.6230992,
19:56,1000,1260.754718,260.7547178,738.9690112,
19:57,1000,1418.922126,418.922126,745.9510466,
19:58,1000,1505.2647222834003,505.2647223,754.3721253,
19:59,0,1276.0365914166002,1276.036591,775.6394019,
20:00,0,1408.6068613500001,1408.606861,799.1161829,
20:01,0,1327.2308740704002,1327.230874,821.2366975,
20:02,0,1128.566495,1128.566495,840.046139,
20:03,0,1332.1974850626002,1332.197485,862.2494305,
20:04,0,1291.318467,1291.318467,883.7714049,
20:05,0,1541.177129,1541.177129,909.4576904,
20:06,1000,1209.942482,209.9424818,912.9567318,
20:07,1000,1169.0634658170002,169.0634658,915.7744562,
20:08,1000,1098.002745,98.00274521,917.4078353,
20:09,1000,1230.190966,230.1909664,921.2443514,
20:10,1000,1393.3249856916002,393.3249857,927.7997678,
20:11,1000,1378.04311,378.04311,934.1004863,
20:12,1000,1378.04311,378.04311,940.4012048,
20:13,1000,1143.84837,143.8483702,942.7986776,
20:14,1000,1367.727845,367.7278454,948.9274751,
20:15,1000,1571.740881,571.7408806,958.4564897,
20:16,0,1184.3453394708001,1184.345339,978.1955787,
20:17,0,1286.351858,1286.351858,999.6347764,
20:18,0,1378.04311,1378.04311,1022.602162,
20:19,0,1663.432133,1663.432133,1050.32603,
20:20,0,1530.8618646126001,1530.861865,1075.840395,
20:21,0,1235.539622,1235.539622,1096.432722,
20:22,0,1418.922126,1418.922126,1120.081424,
20:23,1000,1510.6133799666002,510.61338,1128.591647,
20:24,1000,1576.7074895832002,576.7074896,1138.203438,
20:25,1000,1403.6402523624001,403.6402524,1144.930776,
20:26,1000,1439.170613,439.1706127,1152.250286,
20:27,1000,1321.882218,321.8822184,1157.61499,
20:28,1000,1530.8618646126001,530.8618646,1166.462688,
20:29,1000,1235.539622,235.5396221,1170.388348,
20:30,1000,1332.1974850626002,332.1974851,1175.924973,
20:31,1000,1281.3852490998001,281.3852491,1180.614727,
20:32,1000,1464.7677529914001,464.767753,1188.360856,
20:33,0,1648.150257,1648.150257,1215.830027,
20:34,0,1596.955974,1596.955974,1242.44596,
20:35,0,1714.244369,1714.244369,1271.016699,
20:36,0,1510.6133799666002,1510.61338,1296.193589,
20:37,0,1596.955974,1596.955974,1322.809522,
20:38,0,1418.922126,1418.922126,1346.458224,
20:39,0,1510.6133799666002,1510.61338,1371.635114,
20:40,1000,1408.6068613500001,408.6068614,1378.445228,
20:41,1000,1500.298113,500.2981133,1386.78353,
20:42,1000,1107.9359631834002,107.9359632,1388.582463,
20:43,1000,1164.0968548248002,164.0968548,1391.31741,
20:44,1000,1271.0699824290002,271.0699824,1395.835243,
20:45,1000,1530.8618646126001,530.8618646,1404.682941,
20:46,1000,1255.788107,255.7881068,1408.946076,
20:47,1000,1296.667125,296.6671248,1413.890528,
20:48,1000,914.6202393120001,-85.37976069,1412.467532,
20:49,1000,1383.009719,383.009719,1418.851028,
20:50,0,1714.244369,1714.244369,1447.421767,
20:51,0,1744.80812,1744.80812,1476.501902,
20:52,0,1607.271241,1607.271241,1503.289756,
20:53,0,1143.84837,1143.84837,1522.353896,
20:54,0,985.6809599208001,985.6809599,1538.781912,
20:55,0,1469.7343619790001,1469.734362,1563.277485,
20:56,0,1260.754718,1260.754718,1584.290063,
20:57,1000,1373.076501,373.076501,1590.508005,
20:58,1000,1698.9624928458002,698.9624928,1602.15738,
20:59,1000,1770.40526,770.4052601,1614.997467,
21:00,1000,1953.7877640372003,953.787764,1630.89393,
21:01,1000,1867.0631210790002,867.0631211,1645.344982,
21:02,1000,1515.579989,515.579989,1653.937982,
21:03,1000,1500.298113,500.2981133,1662.276284,
21:04,1000,1413.5734703376002,413.5734703,1669.169175,
21:05,1000,1459.419097,459.4190973,1676.82616,
21:06,1000,1332.1974850626002,332.1974851,1682.362785,
21:07,0,1225.2243574584002,1225.224357,1702.783191,
21:08,0,1209.942482,1209.942482,1722.948899,
21:09,0,1327.2308740704002,1327.230874,1745.069413,
21:10,0,1551.110349,1551.110349,1770.921252,
21:11,0,1428.855346,1428.855346,1794.735508,
21:12,0,1495.331504,1495.331504,1819.6577,
21:13,0,1179.3787304832001,1179.37873,1839.314012,
21:14,0,1276.0365914166002,1276.036591,1860.581289,
21:15,0,1505.2647222834003,1505.264722,1885.669034,
21:16,0,1423.888737,1423.888737,1909.400513,
21:17,0,1408.6068613500001,1408.606861,1932.877294,
21:18,0,1250.8214977830003,1250.821498,1953.724319,
21:19,0,1434.204002,1434.204002,1977.627719,
21:20,0,1342.51275,1342.51275,2000.002932,
21:21,0,1505.2647222834003,1505.264722,2025.090677,
21:22,0,1347.4793587164002,1347.479359,2047.548666,
21:23,0,1332.1974850626002,1332.197485,2069.751958,
21:24,0,1321.882218,1321.882218,2091.783328,
21:25,0,1398.291595,1398.291595,2115.088188,
21:26,0,1480.0496286498003,1480.049629,2139.755682,
21:27,0,1546.14374,1546.14374,2165.524744,
21:28,0,1510.6133799666002,1510.61338,2190.701634,
21:29,0,1500.298113,1500.298113,2215.706602,
21:30,0,1082.7208695498002,1082.72087,2233.75195,
21:31,0,1581.6740985708002,1581.674099,2260.113185,
21:32,0,1485.016238,1485.016238,2284.863456,
21:33,0,1398.291595,1398.291595,2308.168316,
21:34,0,1209.942482,1209.942482,2328.334024,
21:35,0,1495.331504,1495.331504,2353.256215,
21:36,0,1342.51275,1342.51275,2375.631428,
21:37,0,1729.526244,1729.526244,2404.456865,
21:38,0,1617.5865075708002,1617.586508,2431.41664,
21:39,0,1581.6740985708002,0,2431.41664,
21:40,0,1546.14374,0,2431.41664,
21:41,0,1566.3922249170002,0,2431.41664,
21:42,0,1449.4858773330002,0,2431.41664,
21:43,0,1347.4793587164002,0,2431.41664,
21:44,0,1316.915609,0,2431.41664,
21:45,0,1378.04311,0,2431.41664,
21:46,0,1439.170613,0,2431.41664,
21:47,0,1398.291595,0,2431.41664,
21:48,0,1495.331504,0,2431.41664,
21:49,0,1327.2308740704002,0,2431.41664,
21:50,0,1556.4590049372002,0,2431.41664,
21:51,0,1240.506233,0,2431.41664,
21:52,0,1148.814979,0,2431.41664,
21:53,0,1495.331504,0,2431.41664,
21:54,0,1408.6068613500001,0,2431.41664,
21:55,0,1332.1974850626002,0,2431.41664,
21:56,0,1373.076501,0,2431.41664,
21:57,0,1164.0968548248002,0,2431.41664,
21:58,0,1204.975873,0,2431.41664,
21:59,0,1102.9693541958002,0,2431.41664,
22:00,0,1118.25123,0,2431.41664,
22:01,0,1077.372212,0,2431.41664,
22:02,0,1113.284619,0,2431.41664,
22:03,0,1418.922126,0,2431.41664,
22:04,0,1138.499715,0,2431.41664,
22:05,0,1072.405603,0,2431.41664,
22:06,0,1174.412121,0,2431.41664,
22:07,0,1240.506233,0,2431.41664,
22:08,0,1098.002745,0,2431.41664,
22:09,0,980.7143509,0,2431.41664,
22:10,0,945.1839906288001,0,2431.41664,
22:11,0,1250.8214977830003,0,2431.41664,
22:12,0,1148.814979,0,2431.41664,
22:13,0,1102.9693541958002,0,2431.41664,
22:14,0,1113.284619,0,2431.41664,
22:15,0,1194.660606,0,2431.41664,
22:16,0,1113.284619,0,2431.41664,
22:17,0,899.3383657,0,2431.41664,
22:18,0,1087.687479,0,2431.41664,
22:19,0,1072.405603,0,2431.41664,
22:20,0,1209.942482,0,2431.41664,
22:21,0,1255.788107,0,2431.41664,
22:22,0,1311.9490004166003,0,2431.41664,
22:23,0,1118.25123,0,2431.41664,
22:24,0,1102.9693541958002,0,2431.41664,
22:25,0,1352.4459697086002,0,2431.41664,
22:26,0,1164.0968548248002,0,2431.41664,
22:27,0,1281.3852490998001,0,2431.41664,
22:28,0,1428.855346,0,2431.41664,
22:29,0,1561.4256139248002,0,2431.41664,
22:30,0,1464.7677529914001,0,2431.41664,
22:31,0,1235.539622,0,2431.41664,
22:32,0,1098.002745,0,2431.41664,
22:33,0,1026.5599779084002,0,2431.41664,
22:34,0,1087.687479,0,2431.41664,
22:35,0,1107.9359631834002,0,2431.41664,
22:36,0,1250.8214977830003,0,2431.41664,
22:37,0,1118.25123,0,2431.41664,
22:38,0,950.1505996,0,2431.41664,
22:39,0,1179.3787304832001,0,2431.41664,
22:40,0,1383.009719,0,2431.41664,
22:41,0,1235.539622,0,2431.41664,
22:42,0,1164.0968548248002,0,2431.41664,
22:43,0,1174.412121,0,2431.41664,
22:44,0,1164.0968548248002,0,2431.41664,
22:45,0,1184.3453394708001,0,2431.41664,
22:46,0,1403.6402523624001,0,2431.41664,
22:47,0,1510.6133799666002,0,2431.41664,
22:48,0,1393.3249856916002,0,2431.41664,
22:49,0,1327.2308740704002,0,2431.41664,
22:50,0,1214.909091,0,2431.41664,
22:51,0,1296.667125,0,2431.41664,
22:52,0,1271.0699824290002,0,2431.41664,
22:53,0,955.1172106086001,0,2431.41664,
22:54,0,1077.372212,0,2431.41664,
22:55,0,1107.9359631834002,0,2431.41664,
22:56,0,1092.654088,0,2431.41664,
22:57,0,1123.2178388418001,0,2431.41664,
22:58,0,1143.84837,0,2431.41664,
22:59,0,1286.351858,0,2431.41664,
23:00,0,1398.291595,0,2431.41664,
23:01,0,1046.808463,0,2431.41664,
23:02,0,1118.25123,0,2431.41664,
23:03,0,1337.1640940502002,0,2431.41664,
23:04,0,1189.693997,0,2431.41664,
23:05,0,853.4927387,0,2431.41664,
23:06,0,1016.2447112376001,0,2431.41664,
23:07,0,1036.875243,0,2431.41664,
23:08,0,1306.600343,0,2431.41664,
23:09,0,1260.754718,0,2431.41664,
23:10,0,1388.3583767040002,0,2431.41664,
23:11,0,1245.4728421044001,0,2431.41664,
23:12,0,1525.8952536204001,0,2431.41664,
23:13,0,1194.660606,0,2431.41664,
23:14,0,1107.9359631834002,0,2431.41664,
23:15,0,1367.727845,0,2431.41664,
23:16,0,1306.600343,0,2431.41664,
23:17,0,1266.103373,0,2431.41664,
23:18,0,1347.4793587164002,0,2431.41664,
23:19,0,1087.687479,0,2431.41664,
23:20,0,991.0296176040001,0,2431.41664,
23:21,0,1067.438994,0,2431.41664,
23:22,0,1062.0903382128001,0,2431.41664,
23:23,0,1057.123727,0,2431.41664,
23:24,0,1062.0903382128001,0,2431.41664,
23:25,0,1067.438994,0,2431.41664,
23:26,0,985.6809599208001,0,2431.41664,
23:27,0,1321.882218,0,2431.41664,
23:28,0,1041.8418515622002,0,2431.41664,
23:29,0,914.6202393120001,0,2431.41664,
23:30,0,1021.5933669162001,0,2431.41664,
23:31,0,899.3383657,0,2431.41664,
23:32,0,965.4324753,0,2431.41664,
23:33,0,980.7143509,0,2431.41664,
23:34,0,1194.660606,0,2431.41664,
23:35,0,853.4927387,0,2431.41664,
23:36,0,924.5534592918001,0,2431.41664,
23:37,0,1057.123727,0,2431.41664,
23:38,0,995.9962266,0,2431.41664,
23:39,0,1107.9359631834002,0,2431.41664,
23:40,0,1164.0968548248002,0,2431.41664,
23:41,0,1184.3453394708001,0,2431.41664,
23:42,0,1092.654088,0,2431.41664,
23:43,0,914.6202393120001,0,2431.41664,
23:44,0,1036.875243,0,2431.41664,
23:45,0,955.1172106086001,0,2431.41664,
23:46,0,975.7477419456001,0,2431.41664,
23:47,0,919.5868503042001,0,2431.41664,
23:48,0,1016.2447112376001,0,2431.41664,
23:49,0,843.177472,0,2431.41664,
23:50,0,939.8353349502001,0,2431.41664,
23:51,0,1062.0903382128001,0,2431.41664,
23:52,0,1164.0968548248002,0,2431.41664,
23:53,0,1026.5599779084002,0,2431.41664,
23:54,0,924.5534592918001,0,2431.41664,
23:55,0,863.4259586628001,0,2431.41664,
23:56,0,893.9897079750001,0,2431.41664,
23:57,0,1164.0968548248002,0,2431.41664,
23:58,0,955.1172106086001,0,2431.41664,
23:59,0,1143.84837,0,2431.41664,
